{"stat.damageDealt":12995,"stat.mineBlock.32":4,"stat.useItem.3":4,"achievement.exploreAllBiomes":{"value":0,"progress":["Desert","Mesa Plateau","Plains","Mesa","River"]},"stat.mineBlock.31":8,"achievement.openInventory":71,"stat.fallOneCm":6472,"stat.flyOneCm":29634,"stat.drop":8,"stat.damageTaken":30450,"stat.killEntity.Enderman":1,"stat.playOneMinute":27417,"stat.killEntity.Spider":1,"stat.killEntity.Creeper":5,"stat.killEntity.Pig":3,"stat.mineBlock.12":2,"stat.deaths":2,"stat.mineBlock.3":8,"stat.jump":290,"stat.swimOneCm":1038,"stat.mobKills":47,"stat.killEntity.Skeleton":8,"stat.useItem.12":2,"stat.walkOneCm":125654,"stat.killEntity.Zombie":14,"stat.mineBlock.175":2}